Name,Baseball Reference ID,RetroSheet ID
A.J. Alexy,alexyaj01,alexa001
A.J. Ladwig,ladwiaj01,ladwa001
A.J. Minter,minteaj01,minta001
A.J. Puk,pukaj01,puk-a001
AJ Pollock,polloaj01,polla001
Aaron Ashby,ashbyaa01,ashba003
Aaron Brooks,brookaa01,brooa001
Aaron Bummer,bummeaa01,bumma001
Aaron Civale,civalaa01,civaa001
Aaron Fletcher,fletcaa01,fleta001
Aaron Hicks,hicksaa01,hicka001
Aaron Judge,judgeaa01,judga001
Aaron Loup,loupaa01,loupa001
Aaron Nola,nolaaa01,nolaa001
Aaron Sanchez,sanchaa01,sanca006
Aaron Whitefield,whiteaa01,whita002
Abraham Almonte,almonab01,almoa001
Abraham Toro,toroab01,toroa001
Adalberto Mondesí,mondera02,mondr003
Adam Cimber,cimbead01,cimba001
Adam Duvall,duvalad01,duvaa001
Adam Engel,engelad01,engea001
Adam Frazier,fraziad01,fraza001
Adam Haseley,haselad01,hasea001
Adam Kolarek,kolarad01,kolaa001
Adam Oller,ollerad01,ollea001
Adam Ottavino,ottavad01,ottaa001
Adam Wainwright,wainwad01,waina001
Adbert Alzolay,alzolad01,alzoa001
Adley Rutschman,rutscad01,rutsa001
Adolis García,garciad02,garca005
Adonis Medina,medinad01,media001
Adrian Houser,housead01,housa001
Adrian Sampson,sampsad01,sampa001
Adrián Martinez,martiad01,marta006
Adrián Morejón,morejad01,morea001
Akil Baddoo,baddoak01,badda001
Alan Trejo,trejoal01,treja001
Albert Abreu,abreual01,abrea001
Albert Almora,almoral01,almoa002
Albert Pujols,pujolal01,pujoa001
Alcides Escobar,escobal02,escoa003
Alec Bohm,bohmal01,bohma001
Alec Burleson,burleal01,burla001
Alec Mills,millsal02,milla003
Aledmys Díaz,diazal02,diaza003
Alejandro Kirk,kirkal01,kirka001
Alejo Lopez,lopezal03,lopea005
Alek Manoah,manoaal01,manoa001
Alek Thomas,thomaal01,thoma004
Alex Bregman,bregmal01,brega001
Alex Call,callal02,calla002
Alex Claudio,claudal01,claua001
Alex Cobb,cobbal01,cobba001
Alex Colomé,colomal01,coloa001
Alex Dickerson,dickeal01,dicka001
Alex Faedo,faedoal01,faeda001
Alex Jackson,jacksal02,jacka002
Alex Kirilloff,kirilal01,kiria001
Alex Lange,langeal01,langa001
Alex Verdugo,verdual01,verda001
Alex Vesia,vesiaal01,vesia001
Alex Wells,wellsal01,wella001
Alex Wood,woodal02,wooda002
Alex Young,youngal01,youna002
Alexis Díaz,diazal03,diaza004
Alfonso Rivas,rivasal01,rivaa001
Amed Rosario,rosaram01,rosaa003
Amir Garrett,garream01,garra001
Anderson Espinoza,espinan01,espia002
Anderson Severino,severan01,sevea002
Andre Jackson,jacksan01,jacka003
Andre Pallante,pallaan01,palla001
Andrelton Simmons,simmoan01,simma001
Andres Machado,machaan02,macha003
Andrew Bellatti,bellaan01,bella001
Andrew Benintendi,beninan01,benia002
Andrew Chafin,chafian01,chafa001
Andrew Heaney,heanean01,heana001
Andrew Kittredge,kittran01,kitta001
Andrew Knapp,knappan01,knapa001
Andrew Knizner,kniznan01,kniza001
Andrew McCutchen,mccutan01,mccua001
Andrew Nardi,nardian01,narda001
Andrew Vasquez,vasquan02,vasqa002
Andrew Vaughn,vaughan01,vauga001
Andrew Velazquez,velazan01,velaa001
Andrew Wantz,wantzan01,wanta001
Andrés Giménez,gimenan01,gimea001
Andrés Muñoz,munozan01,munoa002
Andy Ibáñez,ibanean01,ibana001
Aneurys Zabala,zabalan01,zabaa001
Angel De Jesus,dejesan01,dejea001
Angel Rondón,rondoan01,ronda001
Angel Zerpa,zerpaan01,zerpa001
Anthony Alford,alforan01,alfoa002
Anthony Banda,bandaan01,banda001
Anthony Bass,bassan01,bassa001
Anthony Bemboom,bemboan01,bemba001
Anthony Bender,bendean01,benda001
Anthony Castro,castran02,casta005
Anthony DeSclafani,desclan01,desca001
Anthony Gose,gosean01,gosea001
Anthony Kay,kayan01,kay-a001
Anthony Misiewicz,misiean01,misia001
Anthony Rendon,rendoan01,renda001
Anthony Rizzo,rizzoan01,rizza001
Anthony Santander,santaan02,santa003
Antonio Senzatela,senzaan01,senza001
Aníbal Sánchez,sanchan01,sanca004
Aramis Garcia,garciar01,garca006
Archie Bradley,bradlar01,brada001
Aristides Aquino,aquinar01,aquia001
Arodys Vizcaíno,vizcaar01,vizca001
Aroldis Chapman,chapmar01,chapa001
Art Warren,warrear01,warra002
Ashton Goudeau,goudeas01,gouda001
Austin Adams,adamsau02,adama002
Austin Allen,allenau01,allea001
Austin Barnes,barneau01,barna001
Austin Brice,briceau01,brica001
Austin Davis,davisau01,davia003
Austin Dean,deanau01,deana001
Austin Gomber,gombeau01,gomba001
Austin Hays,haysau01,haysa001
Austin Hedges,hedgeau01,hedga001
Austin Meadows,meadoau01,meada001
Austin Nola,nolaau01,nolaa002
Austin Pruitt,pruitau01,pruia001
Austin Riley,rileyau01,rilea001
Austin Romine,rominau01,romia002
Austin Slater,slateau01,slata001
Austin Voth,vothau01,votha001
Austin Warren,warreau01,warra003
Austin Wynns,wynnsau01,wynna001
Avisaíl García,garciav01,garca003
Bailey Falter,falteba01,faltb001
Bailey Ober,oberba01,oberb002
Beau Brieske,briesbe01,brieb001
Beau Sulser,sulsebe01,sulsb001
Ben DeLuzio,deluzbe01,delub001
Ben Gamel,gamelbe01,gameb001
Bennett Sousa,sousabe01,sousb001
Billy Hamilton,hamilbi02,hamib001
Billy McKinney,mckinbi01,mckib001
Blake Snell,snellbl01,snelb001
Blake Taylor,taylobl01,taylb004
Blake Treinen,treinbl01,treib001
Bligh Madris,madribl01,madrb002
Bo Bichette,bichebo01,bichb001
Bo Naylor,naylobo01,naylb001
Bobby Bradley,bradlbo01,bradb002
Bobby Dalbec,dalbebo01,dalbb001
Bobby Witt,wittbo02,wittb002
Bowden Francis,francbo01,franb002
Brad Boxberger,boxbebr01,boxbb001
Brad Hand,handbr01,handb001
Brad Keller,kellebr01,kellb003
Brad Miller,millebr02,millb002
Bradley Zimmer,zimmebr01,zimmb001
Brady Singer,singebr01,singb001
Brandon Belt,beltbr01,beltb001
Brandon Bielak,bielabr01,bielb001
Brandon Crawford,crawfbr01,crawb001
Brandon Dixon,dixonbr01,dixob001
Brandon Drury,drurybr01,drurb001
Brandon Hughes,hughebr01,hughb002
Brandon Lowe,lowebr01,loweb001
Brandon Marsh,marshbr02,marsb002
Brandon Nimmo,nimmobr01,nimmb001
Brandon Woodruff,woodrbr01,woodb005
Braxton Garrett,garrebr01,garrb001
Brayan Bello,bellobr01,bellb002
Brendan Donovan,donovbr01,donob001
Brendan Rodgers,rodgebr02,rodgb002
Brendon Davis,davisbr04,davib006
Brendon Little,littlbr02,littb002
Brennan Bernardino,bernabr01,bernb001
Brent Rooker,rookebr01,rookb001
Brent Suter,suterbr01,suteb001
Brett Baty,batybr01,batyb001
Brett Martin,martibr01,martb002
Brett Phillips,phillbr02,philb002
Brewer Hicklen,hicklbr01,hickb003
Brian Anderson,anderbr06,andeb006
Brian Moran,moranbr01,morab001
Brian O'Keefe,okeefbr01,okeeb001
Brian Serven,servebr01,servb001
Brock Burke,burkebr01,burkb001
Brooks Raley,raleybr01,raleb001
Bruce Zimmermann,zimmebr02,zimmb002
Brusdar Graterol,gratebr01,gratb002
Bryan Abreu,abreubr01,abreb002
Bryan Baker,bakerbr01,bakeb001
Bryan De La Cruz,delacbr01,delab001
Bryan Garcia,garcibr01,garcb001
Bryan Hoeing,hoeinbr01,hoeib001
Bryan Lavastida,lavasbr01,lavab001
Bryan Reynolds,reynobr01,reynb001
Bryan Shaw,shawbr01,shawb001
Bryce Elder,elderbr01,eldeb001
Bryce Harper,harpebr03,harpb003
Bryce Johnson,johnsbr03,johnb005
Bryce Montes de Oca,montebr01,montb001
Bryse Wilson,wilsobr02,wilsb003
Bryson Stott,stottbr01,stotb001
Bubba Thompson,thompbu01,thomb003
Bubby Rossman,rossmbu01,rossb001
Buck Farmer,farmebu01,farmb001
Buddy Kennedy,kennebu01,kennb002
Byron Buxton,buxtoby01,buxtb001
C.J. Cron,croncj01,cronc002
CJ Abrams,abramcj01,abrac001
Cade Cavalli,cavalca01,cavac001
Cal Quantrill,quantca01,quanc001
Cal Raleigh,raleica01,ralec001
Cal Stevenson,steveca01,stevc001
Caleb Ferguson,ferguca01,fergc001
Caleb Hamilton,hamilca01,hamic001
Caleb Kilian,kiliaca01,kilic001
Caleb Smith,smithca03,smitc006
Caleb Thielbar,thielca01,thiec001
Calvin Faucher,fauchca01,faucc001
Calvin Mitchell,mitchca01,mitcc002
Cam Alldred,alldrca01,alldc001
Cam Gallagher,gallaca01,gallc001
Cam Vieaux,vieauca01,vieac001
Camilo Doval,dovalca01,dovac001
Canaan Smith-Njigba,smithca05,smitc008
Carl Edwards Jr.,edwarca01,edwac001
Carlos Carrasco,carraca01,carrc003
Carlos Correa,correca01,corrc001
Carlos Estévez,estevca01,estec001
Carlos Hernández,hernaca04,hernc006
Carlos Pérez,perezca03,perec005
Carlos Rodón,rodonca01,rodoc001
Carlos Santana,santaca01,santc002
Carson Kelly,kellyca02,kellc002
Casey Lawrence,lawreca01,lawrc001
Casey Mize,mizeca01,mizec001
Cavan Biggio,biggica01,biggc002
Cedric Mullins,mullice01,mullc002
Chad Green,greench03,greec003
Chad Kuhl,kuhlch01,kuhlc001
Chad Pinder,pindech01,pindc001
Chad Smith,smithch12,smitc007
Chad Wallach,wallach01,wallc001
Chadwick Tromp,trompch01,tromc001
Charles Leblanc,leblach01,leblc001
Charlie Blackmon,blackch02,blacc001
Charlie Culberson,culbech01,culbc001
Charlie Morton,mortoch02,mortc002
Chas McCormick,mccorch01,mccoc001
Chase Anderson,anderch01,andec001
Chase De Jong,dejonch01,dejoc001
Chase Silseth,silsech01,silsc001
Chasen Shreve,shrevch01,shrec001
Chi Chi González,gonzach01,gonzc002
Chris Archer,archech01,archc001
Chris Bassitt,bassich01,bassc001
Chris Devenski,devench02,devec001
Chris Ellis,ellisch01,ellic001
Chris Flexen,flexech01,flexc001
Chris Martin,martich02,martc007
Chris Mazza,mazzach01,mazzc002
Chris Okey,okeych01,okeyc001
Chris Owings,owingch01,owinc001
Chris Paddack,paddach01,paddc001
Chris Sale,salech01,salec001
Chris Stratton,stratch01,strac001
Chris Taylor,tayloch03,taylc001
Christian Arroyo,arroych01,arroc001
Christian Bethancourt,bethach01,bethc001
Christian Lopes,lopesch01,lopec001
Christian Vázquez,vazquch01,vazqc001
Christian Walker,walkech02,walkc002
Christian Yelich,yelicch01,yelic001
Christopher Morel,morelch01,morec001
Chuckie Robinson,robinch04,robic003
Cionel Pérez,perezci01,perec004
Clarke Schmidt,schmicl01,schmc002
Clay Holmes,holmecl01,holmc001
Clayton Kershaw,kershcl01,kersc001
Cody Bellinger,bellico01,bellc002
Cody Morris,morrico01,morrc001
Cody Poteet,poteeco01,potec001
Cody Sedlock,sedloco01,sedlc001
Cody Stashak,stashco01,stasc001
Cody Thomas,thomaco01,thomc003
Cole Irvin,irvinco01,irvic001
Cole Ragans,raganco01,ragac001
Cole Sands,sandsco01,sandc001
Cole Sulser,sulseco01,sulsc001
Cole Tucker,tuckeco01,tuckc001
Cole Waites,waiteco01,waitc001
Colin Holderman,holdeco01,holdc001
Colin Moran,moranco01,morac001
Colin Poche,pocheco01,pochc001
Collin McHugh,mchugco01,mchuc001
Collin Snider,snideco01,snidc001
Collin Wiles,wilesco01,wilec001
Conner Capel,capelco01,capec001
Conner Menez,menezco01,menec001
Connor Brogdon,brogdco01,brogc001
Connor Joe,joeco01,joe-c001
Connor Overton,overtco01,overc001
Connor Sadzeck,sadzeco01,sadzc001
Connor Seabold,seaboco01,seabc001
Connor Wong,wongco01,wongc001
Cooper Criswell,criswco01,crisc002
Cooper Hummel,hummeco01,hummc001
Corbin Burnes,burneco01,burnc002
Corbin Carroll,carroco02,carrc005
Corbin Martin,martico02,martc009
Corey Dickerson,dickeco01,dickc002
Corey Kluber,klubeco01,klubc001
Corey Knebel,knebeco01,knebc001
Corey Seager,seageco01,seagc001
Cory Abbott,abbotco01,abboc001
Cory Spangenberg,spangco01,spanc001
Craig Kimbrel,kimbrcr01,kimbc001
Craig Stammen,stammcr01,stamc001
Cristian Javier,javiecr01,javic001
Cristian Pache,pachecr01,pachc001
Cristofer Ogando,ogandcr01,oganc001
Cristopher Sánchez,sanchcr01,sancc002
Curt Casali,casalcu01,casac001
César Hernández,hernace02,hernc005
César Valdez,valdece01,valdc003
DJ LeMahieu,lemahdj01,lemad001
DJ Stewart,stewadj01,stewd002
DL Hall,halldl01,halld004
Dairon Blanco,blancda02,bland001
Dakota Hudson,hudsoda02,hudsd002
Dallas Keuchel,keuchda01,keucd001
Dalton Guthrie,guthrda01,guthd001
Damon Jones,jonesda07,joned003
Dane Dunning,dunnida01,dunnd001
Daniel Bard,bardda01,bardd001
Daniel Castano,castada01,castd003
Daniel Duarte,duartda01,duard001
Daniel Hudson,hudsoda01,hudsd001
Daniel Lynch,lynchda02,lyncd001
Daniel Mengden,mengdda01,mengd001
Daniel Norris,norrida01,norrd002
Daniel Vogelbach,vogelda01,voged001
Danny Coulombe,couloda01,could001
Danny Jansen,janseda01,jansd001
Danny Mendick,mendida01,mendd002
Danny Young,youngda02,yound005
Dansby Swanson,swansda01,swand001
Dany Jiménez,jimenda01,jimed002
Darick Hall,hallda02,halld003
Darin Ruf,rufda01,ruf-d001
Darren O'Day,odayda01,odayd001
Darwinzon Hernandez,hernada02,hernd004
Daulton Jefferies,jeffeda01,jeffd001
Daulton Varsho,varshda01,varsd001
Dauri Moreta,moretda01,mored002
David Bednar,bednada01,bednd001
David Bote,boteda01,boted002
David Fletcher,fletcda02,fletd002
David Hensley,henslda01,hensd002
David MacKinnon,mackida01,mackd001
David McKay,mckayda02,mckad001
David Peralta,peralda01,perad001
David Peterson,peterda01,peted003
David Phelps,phelpda01,pheld001
David Price,priceda01,pricd001
David Robertson,roberda08,robed002
David Villar,villada01,villd001
Davis Martin,martida03,martd006
Daz Cameron,camerda01,camed001
Dean Kremer,kremede01,kremd001
Dee Strange-Gordon,gordode01,gordd002
Dennis Santana,santade01,santd003
Denyi Reyes,reyesde02,reyed002
Dereck Rodríguez,rodride01,rodrd001
Derek Hill,hillde01,hilld002
Derek Law,lawde01,law-d001
Dermis Garcia,garcide02,garcd004
Deven Marrero,marrede01,marrd001
Devin Smeltzer,smeltde01,smeld001
Devin Williams,willide03,willd004
Didi Gregorius,gregodi01,gregd001
Diego Castillo,castidi01,castd002
Diego Castillo,castidi02,castd004
Dillon Peters,peterdi01,peted001
Dillon Tate,tatedi01,tated001
Dillon Thomas,thomadi01,thomd004
Dinelson Lamet,lametdi01,lamed001
Dixon Machado,machadi01,machd001
Dom Nuñez,nunezdo01,nuned001
Domingo Acevedo,acevedo01,acevd001
Domingo Germán,germado01,germd001
Domingo Tapia,tapiado01,tapid001
Dominic Leone,leonedo01,leond003
Dominic Smith,smithdo02,smitd008
Donny Sands,sandsdo01,sandd004
Donovan Solano,solando01,solad001
Donovan Walton,waltodo01,waltd002
Drew Carlton,carltdr01,carld003
Drew Ellis,ellisdr01,ellid002
Drew Hutchison,hutchdr01,hutcd001
Drew Jackson,jacksdr01,jackd004
Drew Rasmussen,rasmudr01,rasmd002
Drew Smith,smithdr01,smitd009
Drew Smyly,smylydr01,smyld001
Drew Steckenrider,steckdr01,stecd001
Drew VerHagen,verhadr01,verhd001
Drew Waters,waterdr01,wated001
Drey Jameson,jamesdr01,jamed003
Duane Underwood Jr.,underdu01,unded001
Dusten Knight,knighdu01,knigd001
Dustin Garneau,garnedu01,garnd001
Dustin May,maydu01,may-d003
Dylan Bundy,bundydy01,bundd001
Dylan Carlson,carlsdy01,carld002
Dylan Cease,ceasedy01,ceasd001
Dylan Coleman,colemdy01,coled003
Dylan Floro,florody01,flord002
Dylan Lee,leedy01,lee-d005
Dylan Moore,mooredy01,moord002
Easton McGee,mcgeeea01,mcgee001
Eddie Rosario,rosared01,rosae001
Eddy Alvarez,alvared01,alvae001
Edmundo Sosa,sosaed01,sosae001
Eduard Bazardo,bazared01,bazae001
Eduardo Escobar,escobed01,escoe001
Eduardo Rodriguez,rodried05,rodre004
Edward Cabrera,cabreed02,cabre003
Edward Olivares,olivaed02,olive001
Edwin Díaz,diazed04,diaze006
Edwin Rios,riosed01,riose001
Edwin Uceta,ucetaed01,ucete001
Eguy Rosario,rosareg01,rosae002
Ehire Adrianza,adriaeh01,adrie001
Elehuris Montero,monteel01,monte001
Eli Morgan,morgael01,morge001
Eli White,whiteel04,white006
Elias Díaz,diazel01,diaze005
Elier Hernandez,hernael02,herne003
Elieser Hernandez,hernael01,herne002
Eloy Jiménez,jimenel02,jimee001
Elvin Rodriguez,rodriel02,rodre005
Elvis Andrus,andruel01,andre001
Elvis Peguero,pegueel01,pegue001
Emilio Pagán,paganem01,pagae001
Emmanuel Clase,claseem01,clase001
Emmanuel Rivera,riverem01,rivee001
Ender Inciarte,inciaen01,incie001
Enoli Paredes,pareden01,paree003
Enrique Hernández,hernaen02,herne001
Enyel De Los Santos,delosen01,deloe001
Erasmo Ramírez,ramirer02,ramie004
Eric Haase,haaseer01,haase001
Eric Hosmer,hosmeer01,hosme001
Eric Lauer,lauerer01,lauee001
Eric Stout,stouter01,stoue001
Erich Uelmen,uelmeer01,uelme001
Erick Fedde,feddeer01,fedde001
Erik González,gonzaer01,gonze004
Erik Swanson,swanser01,swane001
Ernie Clement,clemeer01,cleme002
Esteban Quiroz,quiroes01,quire001
Esteury Ruiz,ruizes01,ruize001
Estevan Florial,flories01,flore001
Ethan Roberts,roberet01,robee001
Ethan Small,smallet01,smale001
Eugenio Suárez,suareeu01,suare001
Evan Lee,leeev01,lee-e001
Evan Longoria,longoev01,longe001
Evan Phillips,phillev01,phile001
Ezequiel Duran,duranez01,durae002
Ezequiel Tovar,tovarez01,tovae001
Fernando Cruz,cruzfe01,cruzf002
Ford Proctor,proctfo01,procf001
Foster Griffin,grifffo01,griff001
Framber Valdez,valdefr01,valdf001
Franchy Cordero,cordefr02,cordf003
Francisco Lindor,lindofr01,lindf001
Francisco Mejía,mejiafr01,mejif001
Francisco Morales,moralfr02,moraf002
Francisco Perez,perezfr01,peref002
Francisco Álvarez,alvarfr01,alvaf001
Frank Schwindel,schwifr01,schwf001
Frankie Montas,montafr02,montf001
Franklin German,germafr02,germf002
Franmil Reyes,reyesfr01,reyef001
Freddie Freeman,freemfr01,freef001
Freddy Fermin,fermifr01,fermf002
Freddy Peralta,peralfr01,peraf001
Freddy Tarnok,tarnofr01,tarnf001
Félix Bautista,bautife01,bautf001
Gabe Speier,speiega01,speig001
Gabriel Arias,ariasga01,ariag002
Gabriel Moreno,morenga01,moreg001
Garrett Cleavinger,cleavga01,cleag001
Garrett Cooper,coopega03,coopg002
Garrett Hampson,hampsga01,hampg001
Garrett Hill,hillga02,hillg002
Garrett Mitchell,mitchga01,mitcg001
Garrett Richards,richaga01,richg002
Garrett Stubbs,stubbga01,stubg001
Garrett Whitlock,whitlga01,whitg002
Gary Sanchez,sanchga02,sancg002
Gavin Hollowell,holloga01,hollg002
Gavin Lux,luxga01,lux-g001
Gavin Sheets,sheetga01,sheeg001
George Kirby,kirbyge01,kirbg001
George Springer,springe01,sprig001
Geraldo Perdomo,perdoge01,perdg001
Gerardo Reyes,reyesge01,reyeg002
Germán Márquez,marquge01,marqg001
Gerrit Cole,colege01,coleg001
Giancarlo Stanton,stantmi03,stanm004
Gilberto Celestino,celesgi01,celeg001
Gio Urshela,urshegi01,urshg001
Giovanny Gallegos,gallegi01,gallg001
Glenn Otto,ottogl01,ottog001
Gleyber Torres,torregl01,torrg001
Gosuke Katoh,katohgo01,katog001
Graham Ashcraft,ashcrgr01,ashcg001
Grayson Greiner,greingr01,greig001
Greg Allen,allengr01,alleg002
Greg Holland,hollagr01,hollg001
Greg Weissert,weissgr01,weisg001
Gregory Santos,santogr01,santg001
Gregory Soto,sotogr01,sotog003
Griffin Jax,jaxgr01,jax-g001
Guillermo Heredia,heredgu01,hereg002
Gunnar Henderson,hendegu01,hendg002
Génesis Cabrera,cabrege01,cabrg001
Ha-Seong Kim,kimha01,kim-h002
Hansel Robles,robleha01,roblh001
Hanser Alberto,alberha01,albeh001
Harold Castro,castrha01,casth001
Harold Ramírez,ramirha02,ramih004
Harrison Bader,baderha01,badeh001
Hayden Wesneski,wesneha01,wesnh001
Heath Hembree,hembrhe01,hembh001
Heliot Ramos,ramoshe02,ramoh002
Hirokazu Sawamura,sawamhi01,sawah001
Hoby Milner,milneho01,milnh001
Hoy Park,parkho01,parkh001
Huascar Brazoban,brazohu01,brazh001
Huascar Ynoa,ynoahu01,ynoah001
Humberto Castellanos,castehu01,casth002
Hunter Brown,brownhu01,browh001
Hunter Dozier,doziehu01,dozih001
Hunter Gaddis,gaddihu01,gaddh001
Hunter Greene,greenhu01,greeh001
Hunter Harvey,harvehu01,harvh001
Hunter Renfroe,renfrhu01,renfh001
Hunter Strickland,strichu01,strih001
Hyun Jin Ryu,ryuhy01,ryu-h001
Héctor Neris,nerishe01,nerih001
Ian Anderson,anderia01,andei001
Ian Gibaut,gibauia01,gibai001
Ian Hamilton,hamilia01,hamii001
Ian Happ,happia01,happi001
Ian Kennedy,kenneia01,kenni001
Ildemaro Vargas,vargail01,vargi001
Isaac Paredes,paredis01,parei001
Isiah Kiner-Falefa,kineris01,kinei001
Israel Pineda,pinedis01,pinei001
Iván Herrera,herreiv01,herri001
J.B. Wendelken,wendejb01,wendj001
J.C. Mejía,mejiaje02,mejij002
J.D. Davis,davisjd01,davij006
J.D. Martinez,martijd02,martj006
J.J. Matijevic,matijjj01,matij001
J.P. Crawford,crawfjp01,crawj002
J.P. Feyereisen,feyerjo01,feyej001
J.T. Realmuto,realmjt01,realj001
JJ Bleday,bledajj01,bledj001
JP Sears,searsjp01,searj001
JT Brubaker,brubajt01,brubj001
JT Chargois,chargjt01,charj001
JT Riddle,riddljt01,riddj001
Jace Peterson,peterja01,petej002
Jack Flaherty,flaheja01,flahj002
Jack Larsen,larseja01,larsj001
Jack Mayfield,mayfija01,mayfj001
Jack Suwinski,suwinja01,suwij001
Jackie Bradley Jr.,bradlja02,bradj001
Jackson Frazier,frazicl01,frazc001
Jackson Kowar,kowarja01,kowaj001
Jackson Stephens,stephja01,stepj002
Jackson Tetreault,tetreja01,tetrj001
Jacob Barnes,barneja01,barnj002
Jacob Lemoine,lemoija01,lemoj001
Jacob Stallings,stallja01,stalj001
Jacob deGrom,degroja01,degrj001
Jaime Barria,barrija01,barrj003
Jake Bird,birdja01,birdj001
Jake Brentz,brentja01,brenj001
Jake Burger,burgeja01,burgj001
Jake Cave,caveja01,cavej001
Jake Cousins,cousija01,cousj001
Jake Cronenworth,croneja01,cronj001
Jake Diekman,diekmja01,diekj001
Jake Fishman,fishmja01,fishj002
Jake Fraley,fraleja01,fralj001
Jake Hager,hagerja01,hagej001
Jake Lamb,lambja01,lambj001
Jake Marisnick,marisja01,marij002
Jake McCarthy,mccarja02,mccaj003
Jake McGee,mcgeeja01,mcgej001
Jake Meyers,meyerja02,meyej002
Jake Odorizzi,odorija01,odorj001
Jake Reed,reedja02,reedj005
Jake Walsh,walshja02,walsj002
Jake Woodford,woodfja01,woodj003
Jakob Junis,junisja01,junij001
Jalen Beeks,beeksja02,beekj001
James Kaprielian,kaprija01,kaprj001
James Karinchak,karinja01,karij001
James McCann,mccanja02,mccaj001
James Naile,naileja01,nailj001
James Norwood,norwoja01,norwj001
James Outman,outmaja01,outmj002
Jameson Taillon,taillja01,tailj001
Jandel Gustave,gustaja01,gustj001
Janson Junk,junkja01,junkj001
Jared Koenig,koenija01,koenj001
Jared Solomon,solomja01,soloj001
Jared Walsh,walshja01,walsj001
Jared Young,youngja02,younj003
Jarlín García,garcija04,garcj006
Jarred Kelenic,kelenja01,kelej001
Jarren Duran,duranja01,duraj001
Jason Adam,adamja01,adamj002
Jason Alexander,alexaja01,alexj001
Jason Castro,castrja01,castj006
Jason Delay,delayja01,delaj004
Jason Foley,foleyja01,folej001
Jason Heyward,heywaja01,heywj001
Jason Krizan,krizaja01,krizj001
Jason Vosler,vosleja01,voslj001
Javier Assad,assadja01,assaj001
Javier Báez,baezja01,baezj001
Javy Guerra,guerrja02,guerj004
Jay Jackson,jacksja01,jackj001
Jaylin Davis,davisja03,davij008
Jazz Chisholm Jr.,chishja01,chisj001
Jean Segura,segurje01,seguj002
Jed Lowrie,lowrije01,lowrj001
Jeff Brigham,brighje01,brigj002
Jeff Hoffman,hoffmje02,hoffj003
Jeff McNeil,mcneije01,mcnej002
Jeffrey Springs,sprinje01,sprij001
Jeimer Candelario,candeje01,candj002
Jerad Eickhoff,eickhje01,eickj001
Jerar Encarnacion,encarje01,encaj002
Jeremiah Estrada,estraje01,estrj002
Jeremy Beasley,beaslje01,beasj001
Jeremy Peña,penaje02,penaj004
Jermaine Palacios,palacje01,palaj002
Jesse Chavez,chaveje01,chavj001
Jesse Winker,winkeje01,winkj002
Jesus Cruz,cruzje01,cruzj006
Jesus Tinoco,tinocje01,tinoj001
Jesús Aguilar,aguilje01,aguij001
Jesús Luzardo,luzarje01,luzaj001
Jesús Sánchez,sanchje02,sancj003
Jeter Downs,downsje01,downj001
Jeurys Familia,familje01,famij001
Jharel Cotton,cottojh01,cottj001
Jhoan Duran,duranjh01,duraj002
Jhon Romero,romerjh01,romej003
Jhonathan Diaz,diazjh01,diazj007
Jhoulys Chacín,chacijh01,chacj001
Ji Hwan Bae,baeji01,bae-j001
Ji-Man Choi,choiji01,choij001
Jimmy Herget,hergeji01,hergj001
Jimmy Lambert,lambeji01,lambj003
Jimmy Yacabonis,yacabji01,yacaj001
Jo Adell,adelljo01,adelj001
JoJo Romero,romerjo01,romej002
Joan Adon,adonjo01,adonj001
Joc Pederson,pederjo01,pedej001
Joe Barlow,barlojo01,barlj001
Joe Dunand,dunanjo01,dunaj001
Joe Jiménez,jimenjo02,jimej003
Joe Kelly,kellyjo05,kellj001
Joe Mantiply,mantijo01,mantj002
Joe Musgrove,musgrjo01,musgj001
Joe Perez,perezjo02,perej003
Joe Ryan,ryanjo04,ryanj002
Joe Smith,smithjo05,smitj002
Joel Kuhnel,kuhnejo01,kuhnj001
Joel Payamps,payamjo01,payaj001
Joely Rodríguez,rodrijo06,rodrj004
Joey Bart,bartjo01,bartj003
Joey Gallo,gallojo01,gallj002
Joey Krehbiel,krehbjo01,krehj001
Joey Meneses,menesjo01,menej001
Joey Votto,vottojo01,vottj001
Joey Wendle,wendljo01,wendj002
Joey Wentz,wentzjo01,wentj001
Johan Camargo,camarjo01,camaj001
Johan Oviedo,oviedjo01,oviej001
John Brebbia,brebbjo01,brebj001
John King,kingjo01,kingj002
John Means,meansjo01,meanj001
John Schreiber,schrejo01,schrj001
Johnny Cueto,cuetojo01,cuetj001
Jon Berti,bertijo01,bertj001
Jon Gray,grayjo02,grayj003
Jonah Bride,bridejo01,bridj001
Jonah Heim,heimjo01,heimj001
Jonathan Aranda,arandjo01,aranj001
Jonathan Araúz,arauzjo01,arauj001
Jonathan Davis,davisjo05,davij007
Jonathan Heasley,heasljo01,heasj001
Jonathan Hernández,hernajo02,hernj004
Jonathan India,indiajo01,indij001
Jonathan Loáisiga,loaisjo01,loaij001
Jonathan Schoop,schoojo01,schoj001
Jonathan Villar,villajo01,villj001
Jordan Diaz,diazjo03,diazj008
Jordan Groshans,groshjo01,grosj001
Jordan Hicks,hicksjo03,hickj002
Jordan Holloway,hollojo01,hollj002
Jordan Luplow,luplojo01,luplj001
Jordan Lyles,lylesjo01,lylej001
Jordan Montgomery,montgjo01,montj004
Jordan Romano,romanjo03,romaj004
Jordan Sheffield,sheffjo01,shefj002
Jordan Weems,weemsjo01,weemj001
Jorge Alcala,alcaljo01,alcaj001
Jorge Alfaro,alfarjo01,alfaj002
Jorge López,lopezjo02,lopej004
Jorge Mateo,mateojo01,matej003
Jorge Polanco,polanjo01,polaj001
Jorge Soler,solerjo01,solej001
Jose Altuve,altuvjo01,altuj001
Jose Alvarez,alvarjo02,alvaj003
Jose Barrero,garcijo02,garcj007
Jose Cuas,cuasjo01,cuasj001
Jose Herrera,herrejo04,herrj003
Jose Marte,martejo01,martj010
Jose Miranda,miranjo01,miraj002
Jose Rojas,rojasjo02,rojaj002
Jose Siri,sirijo01,sirij001
Jose Trevino,trevijo01,trevj001
Josh Bell,belljo02,bellj005
Josh Donaldson,donaljo02,donaj001
Josh Fleming,flemijo01,flemj001
Josh Hader,haderjo01,hadej001
Josh Harrison,harrijo05,harrj002
Josh Jung,jungjo01,jungj001
Josh Lester,lestejo02,lestj002
Josh Lowe,lowejo01,lowej002
Josh Naylor,naylojo01,naylj001
Josh Palacios,palacjo01,palaj001
Josh Rogers,rogerjo01,rogej003
Josh Rojas,rojasjo01,rojaj001
Josh Sborz,sborzjo01,sborj002
Josh Smith,smithjo11,smitj007
Josh Staumont,staumjo01,stauj001
Josh VanMeter,vanmejo01,vanmj001
Josh Winckowski,winckjo01,wincj001
Josh Winder,windejo01,windj002
Josiah Gray,grayjo03,grayj004
José Abreu,abreujo02,abrej003
José Alvarado,alvarjo03,alvaj004
José Azocar,azocajo01,azocj001
José Berríos,berrijo01,berrj001
José Butto,buttojo01,buttj001
José Castillo,castijo03,castj007
José Cisnero,cisnejo01,cisnj001
José Godoy,godoyjo01,godoj001
José Iglesias,iglesjo01,iglej001
José Leclerc,leclejo01,leclj001
José Quijada,quijajo01,quijj001
José Quintana,quintjo01,quinj001
José Ramírez,ramirjo01,ramij003
José Ruiz,ruizjo01,ruizj001
José Suarez,suarejo01,suarj001
José Ureña,urenajo01,urenj001
José Urquidy,urquijo01,urquj001
Jovani Moran,moranjo01,moraj003
Juan Lagares,lagarju01,lagaj001
Juan Minaya,minayju01,minaj001
Juan Soto,sotoju01,sotoj001
Juan Yepez,yepezju01,yepej001
Julian Merryweather,merryju01,merrj001
Julio Rodríguez,rodriju01,rodrj007
Julio Urías,uriasju01,uriaj001
Junior Fernández,fernaju01,fernj006
Jurickson Profar,profaju01,profj001
Justin Bruihl,bruihju01,bruij001
Justin Dunn,dunnju01,dunnj002
Justin Grimm,grimmju01,grimj002
Justin Lawrence,lawreju01,lawrj002
Justin Steele,steelju01,steej002
Justin Topa,topaju01,topaj001
Justin Turner,turneju01,turnj001
Justin Upton,uptonju01,uptoj001
Justin Verlander,verlaju01,verlj001
Justin Wilson,wilsoju10,wilsj004
Justus Sheffield,sheffju01,shefj001
Ka'ai Tom,tomka01,tom-k001
Kaleb Ort,ortka01,ort-k001
Ke'Bryan Hayes,hayeske01,hayek001
Keegan Akin,akinke01,akink001
Keegan Thompson,thompke02,thomk002
Keibert Ruiz,ruizke01,ruizk001
Kelvin Gutiérrez,gutieke01,gutik001
Ken Giles,gileske01,gilek001
Ken Waldichuk,waldike01,waldk003
Kendall Graveman,graveke01,gravk001
Kenley Jansen,janseke01,jansk001
Kenny Rosenberg,rosenke01,rosek001
Kerry Carpenter,carpeke01,carpk001
Kervin Castro,castrke01,castk002
Keston Hiura,hiurake01,hiurk001
Ketel Marte,marteke01,martk001
Kevin Gausman,gausmke01,gausk001
Kevin Ginkel,ginkeke01,ginkk001
Kevin Herget,hergeke01,hergk001
Kevin Kiermaier,kiermke01,kierk001
Kevin Newman,newmake01,newmk001
Kevin Padlo,padloke01,padlk001
Kevin Pillar,pillake01,pillk001
Kevin Plawecki,plaweke01,plawk001
Kevin Smith,smithke05,smitk003
Keynan Middleton,middlke01,middk001
Khalil Lee,leekh01,lee-k001
Kirby Snead,sneadki01,sneak001
Kirby Yates,yateski01,yatek001
Kirk McCarty,mccarki01,mccak003
Kodi Whitley,whitlko01,whitk001
Kody Clemens,clemeko01,clemk001
Kohei Arihara,arihako01,arihk001
Kolby Allard,allarko01,allak001
Kole Calhoun,calhoko01,calhk001
Kolten Wong,wongko01,wongk001
Konnor Pilkington,pilkiko01,pilkk001
Korey Lee,leeko01,lee-k002
Kramer Robertson,roberkr01,robek003
Kris Bryant,bryankr01,bryak001
Kris Bubic,bubickr01,bubik001
Kurt Suzuki,suzukku01,suzuk001
Kutter Crawford,crawfku01,crawk001
Kyle Barraclough,barraky01,barrk002
Kyle Bradish,bradiky01,bradk001
Kyle Crick,crickky01,crick001
Kyle Dowdy,dowdyky01,dowdk001
Kyle Farmer,farmeky01,farmk001
Kyle Finnegan,finneky01,finnk001
Kyle Freeland,freelky01,freek001
Kyle Garlick,garliky01,garlk001
Kyle Gibson,gibsoky01,gibsk002
Kyle Hendricks,hendrky01,hendk001
Kyle Higashioka,higasky01,higak001
Kyle Isbel,isbelky01,isbek001
Kyle Lewis,lewisky01,lewik001
Kyle Muller,mulleky01,mullk001
Kyle Nelson,nelsoky01,nelsk001
Kyle Schwarber,schwaky01,schwk001
Kyle Stowers,stoweky01,stowk001
Kyle Tucker,tuckeky01,tuckk001
Kyle Tyler,tylerky01,tylek001
Kyle Wright,wrighky01,wrigk001
LaMonte Wade Jr.,wadela01,wadel001
Lance Lynn,lynnla01,lynnl001
Lance McCullers Jr.,mcculla02,mccul002
Lane Thomas,thomala02,thoml002
Lars Nootbaar,nootbla01,nootl001
Lenyn Sosa,sosale01,sosal001
Leody Taveras,taverle01,tavel001
Leury Garcia,garcile02,garcl004
Lewin Díaz,diazle01,diazl001
Lewis Brinson,brinsle01,brinl001
Liam Hendriks,hendrli01,hendl001
Liover Peguero,pegueli01,pegul001
Livan Soto,sotoli01,sotol001
Locke St. John,stjohlo01,stjol001
Logan Allen,allenlo01,allel002
Logan Gilbert,gilbelo01,gilbl002
Logan Gillaspie,gillalo01,gilll001
Logan O'Hoppe,ohopplo01,ohopl001
Logan Webb,webblo01,webbl001
Lorenzo Cain,cainlo01,cainl001
Lou Trivino,trivilo01,trivl001
Louie Varland,varlalo01,varll001
Louis Head,headlo01,headl001
Lourdes Gurriel Jr.,gurrilo01,gurrl001
Lucas Gilbreath,gilbrlu01,gilbl001
Lucas Giolito,giolilu01,gioll001
Lucas Luetge,luetglu01,luetl001
Lucas Sims,simslu01,simsl001
Lucius Fox,foxlu01,fox-l001
Luis Arraez,arraelu01,arral001
Luis Barrera,barrelu01,barrl001
Luis Campusano,campulu01,campl002
Luis Cessa,cessalu01,cessl001
Luis Frías,friaslu01,frial001
Luis Gil,gillu01,gil-l001
Luis González,gonzalu03,gonzl005
Luis Guillorme,guilllu01,guill001
Luis Liberato,liberlu01,libel001
Luis Patiño,patinlu01,patil001
Luis Perdomo,perdolu02,perdl002
Luis Rengifo,rengilu01,rengl001
Luis Robert,roberlu01,robel002
Luis Severino,severlu01,sevel001
Luis Torrens,torrelu01,torrl001
Luis Urías,uriaslu01,urial001
Luis Castillo,castilu03,castl004
Luis Castillo,castilu02,castl003
Luis Garcia,garcilu05,garcl007
Luis García,garcilu04,garcl006
Luis García,garcilu03,garcl005
Luis Ortiz,ortizlu03,ortil003
Luis Ortiz,ortizlu02,ortil002
Luke Bard,bardlu01,bardl001
Luke Barker,barkelu01,barkl002
Luke Farrell,farrelu01,farrl001
Luke Maile,mailelu01,maill001
Luke Raley,raleylu01,ralel001
Luke Voit,voitlu01,voitl001
Luke Weaver,weavelu01,weavl001
Luke Williams,willilu01,willl001
MJ Melendez,melenmj01,melem001
MacKenzie Gore,gorema01,gorem001
Madison Bumgarner,bumgama01,bumgm001
Magneuris Sierra,sierrma01,sierm002
Maikel Franco,francma02,franm004
Maikel Garcia,garcima01,garcm003
Manny Banuelos,banuema01,banum001
Manny Machado,machama01,machm001
Manny Piña,pinama01,pinam001
Manuel Margot,margoma01,margm001
Manuel Rodríguez,rodrima01,rodrm001
Marcell Ozuna,ozunama01,ozunm001
Marco Gonzales,gonzama02,gonzm005
Marcos Diplán,diplama01,diplm001
Marcus Semien,semiema01,semim001
Marcus Stroman,stromma01,strom001
Marcus Wilson,wilsoma02,wilsm003
Mario Feliciano,felicma01,felim002
Mark Appel,appelma01,appem001
Mark Canha,canhama01,canhm001
Mark Contreras,contrma01,contm001
Mark Kolozsvary,kolozma01,kolom001
Mark Leiter Jr.,leitema02,leitm002
Mark Mathias,mathima01,mathm002
Mark Melancon,melanma01,melam001
Mark Payton,paytoma01,paytm001
Mark Vientos,vientma01,vienm001
Martín Maldonado,maldoma01,maldm001
Martín Pérez,perezma02,perem004
Marwin Gonzalez,gonzama01,gonzm002
Mason Thompson,thompma02,thomm005
Matt Barnes,barnema01,barnm001
Matt Beaty,beatyma01,beatm001
Matt Brash,brashma01,brasm001
Matt Bush,bushma01,bushm001
Matt Carpenter,carpema01,carpm002
Matt Chapman,chapmma01,chapm001
Matt Davidson,davidma02,davim005
Matt Dermody,dermoma01,dermm001
Matt Duffy,duffyma01,duffm002
Matt Foster,fostema01,fostm001
Matt Gage,gagema01,gagem001
Matt Koch,kochma01,kochm001
Matt Manning,mannima02,mannm001
Matt Moore,moorema02,moorm003
Matt Olson,olsonma02,olsom001
Matt Peacock,peacoma01,peacm001
Matt Reynolds,reynoma03,reynm003
Matt Strahm,strahma01,stram001
Matt Swarmer,swarmma01,swarm001
Matt Thaiss,thaisma01,thaim001
Matt Vierling,vierlma01,vierm001
Matt Wallner,wallnma01,wallm001
Matt Wisler,wislema01,wislm001
Matthew Batten,battema01,battm001
Matthew Boyd,boydma01,boydm001
Matthew Festa,festama01,festm001
Matthew Liberatore,liberma01,libem001
Mauricio Dubón,dubonma01,dubom001
Mauricio Llovera,llovema01,llovm001
Max Castillo,castima03,castm003
Max Fried,friedma01,friem001
Max Kepler,keplema01,keplm001
Max Kranick,kranima01,kranm001
Max Meyer,meyerma01,meyem001
Max Muncy,muncyma01,muncm001
Max Scherzer,scherma01,schem001
Max Schrock,schroma01,schrm001
Max Stassi,stassma01,stasm001
Meibrys Viloria,vilorme01,vilom001
Merrill Kelly,kellyme01,kellm002
Michael A. Taylor,taylomi02,taylm002
Michael Brantley,brantmi02,branm003
Michael Chavis,chavimi01,chavm001
Michael Feliz,felizmi01,felim001
Michael Fulmer,fulmemi01,fulmm001
Michael Grove,grovemi01,grovm001
Michael Harris,harrimi04,harrm004
Michael Hermosillo,hermomi01,hermm001
Michael Kelly,kellymi03,kellm004
Michael King,kingmi01,kingm002
Michael Kopech,kopecmi01,kopem001
Michael Lorenzen,lorenmi01,lorem002
Michael Massey,massemi02,massm001
Michael Papierski,papiemi01,papim001
Michael Perez,perezmi03,perem005
Michael Pineda,pinedmi01,pinem001
Michael Plassmeyer,plassmi01,plasm001
Michael Rucker,ruckemi01,ruckm001
Michael Siani,sianimi01,sianm001
Michael Stefanic,stefami01,stefm001
Michael Toglia,toglimi01,toglm001
Michael Wacha,wachami01,wachm001
Michel Báez,baezmi01,baezm001
Mickey McDonald,mcdonmi01,mcdom002
Mickey Moniak,moniami01,monim001
Miguel Andújar,andujmi01,andum001
Miguel Cabrera,cabremi01,cabrm001
Miguel Castro,castrmi01,castm002
Miguel Diaz,diazmi02,diazm004
Miguel Rojas,rojasmi02,rojam002
Miguel Sanó,sanomi01,sanom001
Miguel Sánchez,sanchmi01,sancm001
Miguel Vargas,vargami01,vargm001
Miguel Yajure,yajurmi01,yajum001
Mike Baumann,baumami01,baumm001
Mike Brosseau,brossmi01,brosm001
Mike Clevinger,clevimi01,clevm001
Mike Ford,fordmi01,fordm002
Mike Mayers,mayermi01,mayem001
Mike Minor,minormi01,minom001
Mike Moustakas,moustmi01,mousm001
Mike Trout,troutmi01,troum001
Mike Yastrzemski,yastrmi01,yastm001
Mike Zunino,zuninmi01,zunim001
Miles Mastrobuoni,mastrmi01,mastm001
Miles Mikolas,mikolmi01,mikom001
Mitch Garver,garvemi01,garvm001
Mitch Haniger,hanigmi01,hanim001
Mitch Keller,kellemi03,kellm003
Mitch White,whitemi03,whitm004
Monte Harrison,harrimo01,harrm003
Mookie Betts,bettsmo01,bettm001
Mychal Givens,givenmy01,givem001
Myles Straw,strawmy01,stram002
Nabil Crismatt,crismna01,crisn001
Narciso Crook,crookna01,croon001
Nash Walters,waltena01,waltn001
Nate Eaton,eatonna01,eaton001
Nate Fisher,fishena01,fishn001
Nate Mondou,mondona01,mondn001
Nathan Eovaldi,eovalna01,eovan001
Nathaniel Lowe,lowena01,lowen001
Nelson Cruz,cruzne02,cruzn002
Nelson Velázquez,velazne01,velan001
Nestor Cortes,cortene01,cortn001
Nicholas Padilla,padilni01,padin001
Nick Ahmed,ahmedni01,ahmen001
Nick Allen,allenni02,allen002
Nick Castellanos,casteni01,castn001
Nick Duron,duronni01,duron001
Nick Fortes,forteni01,fortn001
Nick Gordon,gordoni01,gordn001
Nick Lodolo,lodolni01,lodon001
Nick Madrigal,madrini01,madrn001
Nick Martinez,martini01,martn002
Nick Maton,matonni01,maton001
Nick Mears,mearsni01,mearn001
Nick Neidert,neideni01,neidn001
Nick Nelson,nelsoni01,nelsn001
Nick Pivetta,pivetni01,piven001
Nick Plummer,plummni01,plumn001
Nick Pratto,prattni01,pratn001
Nick Sandlin,sandlni01,sandn001
Nick Senzel,senzeni01,senzn001
Nick Solak,solakni01,solan001
Nick Vespi,vespini01,vespn001
Nick Wittgren,wittgni01,wittn001
Nicklaus Snyder,snydeni01,snydn001
Nicky Lopez,lopezni01,lopen001
Nico Hoerner,hoernni01,hoern001
Niko Goodrum,goodrni01,goodn002
Noah Davis,davisno01,davin001
Noah Syndergaard,syndeno01,syndn001
Nolan Arenado,arenano01,arenn001
Nolan Gorman,gormano01,gormn001
Nolan Jones,jonesno01,jonen002
Nomar Mazara,mazarno01,mazan001
Norge Ruíz,ruizno01,ruizn001
Noé Ramirez,ramirno01,ramin002
Odúbel Herrera,herreod01,herro001
Oliver Ortega,ortegol01,orteo001
Oliver Pérez,perezol01,pereo002
Omar Narváez,narvaom01,narvo001
Oneil Cruz,cruzon01,cruzo001
Orlando Arcia,arciaor01,arcio002
Oscar Gonzalez,gonzaos01,gonzo001
Oscar Mercado,mercaos01,merco003
Oswald Peraza,perazos02,perao002
Oswaldo Cabrera,cabreos01,cabro002
Otto Lopez,lopezot01,lopeo001
Owen Miller,milleow01,millo002
Ozzie Albies,albieoz01,albio001
P.J. Higgins,higgipj01,higgp001
Pablo López,lopezpa01,lopep002
Pablo Reyes,reyespa01,reyep001
Packy Naughton,naughpa01,naugp001
Paolo Espino,espinpa01,espip001
Parker Markel,markepa01,markp001
Parker Mushinski,mushipa01,mushp001
Patrick Corbin,corbipa01,corbp001
Patrick Mazeika,mazeipa01,mazep001
Patrick Murphy,murphpa02,murpp001
Patrick Sandoval,sandopa02,sandp002
Patrick Wisdom,wisdopa01,wisdp001
Paul Blackburn,blackpa01,blacp001
Paul DeJong,dejonpa01,dejop001
Paul Fry,frypa01,fry-p001
Paul Goldschmidt,goldspa01,goldp001
Paul Sewald,sewalpa01,sewap001
Pavin Smith,smithpa04,smitp002
Payton Henry,henrypa01,henrp001
Pedro Avila,avilape01,avilp001
Pedro Báez,baezpe01,baezp001
Pedro Severino,severpe01,sevep001
Penn Murfee,murfepe01,murfp001
Pete Alonso,alonspe01,alonp001
Pete Fairbanks,fairbpe01,fairp001
Peter Strzelecki,strzepe01,strzp001
Peyton Burdick,burdipe01,burdp001
Phil Bickford,bickfph01,bickp001
Phil Gosselin,gosseph01,gossp001
Phil Maton,matonph01,matop002
Phillip Diehl,diehlph01,diehp001
Phillips Valdez,valdeph01,valdp002
Phoenix Sanders,sandeph01,sandp003
Pierce Johnson,johnspi01,johnp001
R.J. Alvarez,alvarrj01,alvar001
Rafael Devers,deverra01,dever001
Rafael Montero,montera01,montr004
Rafael Ortega,ortegra01,orter001
Raimel Tapia,tapiara01,tapir001
Raisel Iglesias,iglesra01,igler001
Ralph Garza,garzara01,garzr001
Ramón Laureano,laurera01,laurr001
Ramón Urías,uriasra01,uriar001
Randal Grichuk,grichra01,gricr001
Randy Arozarena,arozara01,arozr001
Ranger Suárez,suarera01,suarr001
Ray Kerr,kerrra01,kerrr001
Raynel Espinal,espinra01,espir001
Reed Garrett,garrere01,garrr001
Reese McGuire,mcguire01,mcgur002
Reid Detmers,detmere01,detmr001
Reiss Knehr,knehrre01,knehr001
Reiver Sanmartin,sanmare01,sanmr001
René Pinto,pintore02,pintr003
Reyes Moronta,moronre01,moror001
Reynaldo López,lopezre01,loper003
Rhys Hoskins,hoskirh01,hoskr001
Rich Hill,hillri01,hillr001
Richard Bleier,bleieri01,bleir001
Richie Martin,martiri01,martr006
Richie Palacios,palacri01,palar002
Rico Garcia,garciri01,garcr006
Riley Adams,adamsri03,adamr004
Riley Greene,greenri03,greer003
Riley O'Brien,obrieri01,obrir001
Roansy Contreras,contrro01,contr001
Rob Brantly,brantro01,branr002
Rob Refsnyder,refsnro01,refsr001
Rob Zastryzny,zastrro01,zastr001
Robbie Erlin,erlinro01,erlir001
Robbie Grossman,grossro01,grosr001
Robbie Ray,rayro02,ray-r002
Robert Dugger,duggero01,duggr001
Robert Gsellman,gsellro01,gselr001
Robert Stephenson,stephro01,stepr002
Robert Suarez,suarero01,suarr002
Roberto Perez,perezro02,perer003
Robinson Canó,canoro01,canor001
Robinson Chirinos,chiriro01,chirr001
Rodolfo Castro,castrro01,castr006
Roenis Elías,eliasro01,eliar001
Roman Quinn,quinnro01,quinr003
Romy Gonzalez,gonzaro01,gonzr003
Ron Marinaccio,marinro01,marir001
Ronald Acuna Jr.,acunaro01,acunr001
Ronald Bolaños,bolanro01,bolar001
Ronald Guzmán,guzmaro01,guzmr001
Ronel Blanco,blancro01,blanr001
Ronnie Dawson,dawsoro01,dawsr001
Ronny Henriquez,henriro01,henrr001
Rony García,garciro03,garcr007
Ross Detwiler,detwiro01,detwr001
Ross Stripling,stripro01,strir001
Rougned Odor,odorro01,odorr001
Rowan Wick,wickro01,wickr001
Rowdy Tellez,tellero01,tellr001
Royce Lewis,lewisro02,lewir003
Ryan Aguilar,aguilry01,aguir002
Ryan Borucki,borucry01,borur001
Ryan Brasier,brasiry01,brasr001
Ryan Burr,burrry01,burrr002
Ryan Castellani,castery01,castr005
Ryan Feltner,feltnry01,feltr001
Ryan Helsley,helslry01,helsr001
Ryan Hendrix,hendrry01,hendr003
Ryan Jeffers,jeffery01,jeffr002
Ryan Kreidler,kreidry01,kreir001
Ryan McKenna,mckenry01,mcker001
Ryan McMahon,mcmahry01,mcmar001
Ryan Mountcastle,mountry01,mounr001
Ryan O'Hearn,ohearry01,ohear001
Ryan Pepiot,pepiory01,pepir001
Ryan Pressly,pressry01,presr001
Ryan Tepera,teperry01,teper001
Ryan Thompson,thompry02,thomr007
Ryan Weathers,weathry01,weatr001
Ryan Weber,weberry01,weber001
Ryan Yarbrough,yarbrry01,yarbr001
Rylan Bannon,bannory01,bannr001
Ryne Nelson,nelsory01,nelsr003
Ryne Stanek,stanery01,stanr002
Salvador Perez,perezsa02,peres002
Sam Clay,claysa01,clays001
Sam Coonrod,coonrsa01,coons001
Sam Haggerty,haggesa01,haggs001
Sam Hentges,hentgsa01,hents001
Sam Hilliard,hillisa01,hills005
Sam Howard,howarsa01,howas002
Sam Huff,huffsa01,huffs001
Sam Long,longsa01,longs002
Sam Moll,mollsa01,molls001
Sam Selman,selmasa01,selms001
Sandy Alcantara,alcansa01,alcas001
Sandy Leon,leonsa01,leons001
Santiago Espinal,espinsa01,espis001
Scott Alexander,alexasc02,alexs001
Scott Barlow,barlosc01,barls001
Scott Effross,effrosc01,effrs001
Scott Kingery,kingesc01,kings001
Sean Bouchard,bouchse01,boucs001
Sean Doolittle,doolise01,dools001
Sean Hjelle,hjellse01,hjels001
Sean Manaea,manaese01,manas001
Sean Murphy,murphse01,murps001
Sean Newcomb,newcose01,newcs001
Sean Poppen,poppese01,popps001
Sean Reid-Foley,reidfse01,reids001
Sebastian Rivero,riverse01,rives002
Seby Zavala,zavalse01,zavas001
Seiya Suzuki,suzukse01,suzus001
Seranthony Domínguez,dominse01,domis001
Sergio Alcántara,alcanse01,alcas002
Sergio Romo,romose01,romos001
Seth Beer,beerse01,beers001
Seth Brown,brownse01,brows003
Seth Lugo,lugose01,lugos001
Seth Martinez,martise01,marts003
Shane Baz,bazsh01,baz-s001
Shane Bieber,biebesh01,biebs001
Shane Greene,greensh02,grees005
Shane McClanahan,mcclash01,mccls003
Shaun Anderson,andersh01,andes002
Shawn Armstrong,armstsh01,armss001
Shea Langeliers,langesh01,langs001
Shelby Miller,millesh01,mills001
Sheldon Neuse,neusesh01,neuss001
Shohei Ohtani,ohtansh01,ohtas001
Silvino Bracho,brachsi01,bracs001
Simeon Woods Richardson,woodssi01,woods002
Skye Bolt,boltsk01,bolts001
Sonny Gray,grayso01,grays001
Spencer Howard,howarsp01,howas003
Spencer Patton,pattosp01,patts002
Spencer Steer,steersp01,stees001
Spencer Strider,stridsp01,stris002
Spencer Torkelson,torkesp01,torks001
Spenser Watkins,watkisp01,watks003
Starling Marte,martest01,marts002
Steele Walker,walkest01,walks001
Stephen Nogosek,nogosst01,nogos001
Stephen Piscotty,piscost01,piscs001
Stephen Strasburg,strasst01,stras001
Stephen Vogt,vogtst01,vogts001
Steve Cishek,cishest01,cishs001
Steven Brault,braulst01,braus002
Steven Duggar,duggast01,duggs001
Steven Kwan,kwanst01,kwans001
Steven Matz,matzst01,matzs001
Steven Okert,okertst01,okers001
Steven Souza Jr.,souzast01,souzs001
Steven Wilson,wilsost02,wilss002
Stone Garrett,garrest01,garrs003
Stuart Fairchild,faircst01,fairs001
Símon Muzziotti,muzzisi01,muzzs001
T.J. McFarland,mcfartj01,mcfat001
T.J. Zeuch,zeuchtj01,zeuct001
TJ Friedl,friedtj01,friet001
Taijuan Walker,walketa01,walkt004
Tanner Banks,banksta01,bankt001
Tanner Houck,houckta01,houct001
Tanner Rainey,raineta01,raint003
Tanner Scott,scottta01,scott003
Tanner Tully,tullyta01,tullt001
Tarik Skubal,skubata01,skubt001
Tayler Saucedo,sauceta01,sauct001
Tayler Scott,scottta02,scott004
Taylor Clarke,clarkta01,clart003
Taylor Hearn,hearnta01,heart001
Taylor Jones,jonesta01,jonet005
Taylor Motter,motteta01,mottt001
Taylor Rogers,rogerta01,roget001
Taylor Trammell,trammta01,tramt001
Taylor Walls,wallsta01,wallt003
Taylor Ward,wardta01,wardt002
Taylor Widener,widenta01,widet001
Teoscar Hernández,hernate01,hernt002
Terrance Gore,gorete01,goret001
Terrin Vavra,vavrate01,vavrt001
Thairo Estrada,estrath01,estrt001
Thomas Hatch,hatchto01,hatct001
Thomas Szapucki,szaputh01,szapt001
Tim Anderson,anderti01,andet001
Tim Beckham,beckhti01,beckt001
Tim Hill,hillti01,hillt002
Tim Locastro,locasti01,locat001
Tim Mayza,mayzati01,mayzt001
Tom Murphy,murphto04,murpt002
Tommy Edman,edmanto01,edmat001
Tommy Henry,henryto01,henrt001
Tommy Hunter,hunteto02,huntt002
Tommy Kahnle,kahnlto01,kahnt001
Tommy La Stella,lasteto01,lastt001
Tommy Milone,milonto01,milot001
Tommy Nance,nanceto01,nanct001
Tommy Pham,phamth01,phamt001
Tommy Romero,romerto01,romet001
Tomás Nido,nidoto01,nidot001
Tony Gonsolin,gonsoto01,gonst001
Tony Kemp,kempto01,kempt001
Tony Santillan,santito01,santt001
Tony Wolters,wolteto01,woltt001
Touki Toussaint,toussto01,toust001
Travis Blankenhorn,blanktr01,blant002
Travis Demeritte,demertr01,demet001
Travis Jankowski,jankotr01,jankt001
Travis Lakins Sr.,lakintr01,lakit001
Travis Shaw,shawtr01,shawt001
Travis Swaggerty,swaggtr01,swagt001
Travis d'Arnaud,darnatr01,darnt001
Trayce Thompson,thomptr01,thomt002
Trea Turner,turnetr01,turnt001
Trent Grisham,grishtr01,grist001
Trent Thornton,thorntr01,thort002
Tres Barrera,barretr01,barrt004
Trevor Gott,gotttr01,gottt001
Trevor Kelley,kelletr01,kellt002
Trevor Larnach,larnatr01,larnt001
Trevor May,maytr01,may-t001
Trevor Megill,megiltr01,megit001
Trevor Richards,richatr01,richt001
Trevor Rogers,rogertr01,roget003
Trevor Stephan,stephtr01,stept002
Trevor Story,storytr01,stort001
Trevor Williams,willitr01,willt002
Trey Mancini,mancitr01,manct001
Triston Casas,casastr01,casat001
Triston McKenzie,mckentr01,mcket001
Tucker Barnhart,barnhtu01,barnt001
Tucker Davidson,davidtu01,davit005
Tucupita Marcano,marcatu01,marct001
Ty Blach,blachty01,blact002
Ty France,francty01,frant002
Tyler Alexander,alexaty01,alext001
Tyler Anderson,anderty01,andet002
Tyler Beede,beedety01,beedt001
Tyler Clippard,clippty01,clipt001
Tyler Cyr,cyrty01,cyr-t001
Tyler Danish,danisty01,danit001
Tyler Duffey,duffety01,dufft001
Tyler Freeman,freemty01,freet001
Tyler Gilbert,gilbety01,gilbt001
Tyler Glasnow,glasnty01,glast001
Tyler Heineman,heinety01,heint001
Tyler Holton,holtoty01,holtt002
Tyler Kinley,kinlety01,kinlt001
Tyler Mahle,mahlety01,mahlt001
Tyler Matzek,matzety01,matzt001
Tyler Naquin,naquity01,naqut001
Tyler Nevin,nevinty01,nevit001
Tyler O'Neill,oneilty01,oneit001
Tyler Rogers,rogerty01,roget002
Tyler Stephenson,stephty01,stept001
Tyler Thornburg,thornty01,thort001
Tyler Wade,wadety01,wadet002
Tyler Wells,wellsty01,wellt003
Tylor Megill,megilty01,megit002
Tyrone Taylor,tayloty01,taylt002
Tyson Miller,millety01,millt003
Vaughn Grissom,grissva01,grisv001
Victor Caratini,caratvi01,carav001
Victor Reyes,reyesvi01,reyev001
Victor Robles,roblevi01,roblv001
Vidal Bruján,brujavi01,brujv001
Vimael Machín,machivi01,machv001
Vince Velasquez,velasvi01,velav001
Vinnie Pasquantino,pasquvi01,pasqv001
Vinny Capra,capravi01,caprv001
Vinny Nittoli,nittovi01,nittv001
Vladimir Guerrero Jr.,guerrvl02,guerv002
Vladimir Gutiérrez,gutievl01,gutiv001
Víctor Arano,aranovi01,aranv001
Wade Miley,mileywa01,milew001
Walker Buehler,buehlwa01,buehw001
Wander Franco,francwa01,franw002
Wandy Peralta,peralwa01,peraw002
Whit Merrifield,merriwh01,merrw001
Wil Crowe,crowewi01,croww001
Wil Myers,myerswi01,myerw001
Will Benson,bensowi01,bensw001
Will Brennan,brennwi02,brenw002
Will Vest,vestwi01,vestw001
Willi Castro,castrwi01,castw003
William Contreras,contrwi02,contw002
William Woods,woodswi02,woodw001
Willians Astudillo,astudwi01,astuw001
Willie Calhoun,calhowi01,calhw001
Willson Contreras,contrwi01,contw001
Willy Adames,adamewi01,adamw002
Will Smith,smithwi04,smitw002
Will Smith,smithwi05,smitw003
Wilmer Difo,difowi01,difow001
Wilmer Flores,florewi01,florw001
Wily Peralta,peralwi01,peraw001
Wyatt Mills,millswy01,millw002
Wynton Bernard,bernawy01,bernw001
Xander Bogaerts,bogaexa01,bogax001
Xzavion Curry,curryxz01,currx001
Yadiel Hernández,hernaya01,herny002
Yadier Molina,molinya01,moliy001
Yainer Diaz,diazya02,diazy004
Yairo Munoz,munozya01,munoy001
Yan Gomes,gomesya01,gomey001
Yandy Díaz,diazya01,diazy001
Yasmani Grandal,grandya01,grany001
Yency Almonte,almonye01,almoy001
Yennier Cano,canoye01,canoy001
Yermín Mercedes,merceye01,mercy001
Yerry De Los Santos,delosye01,deloy001
Yerry Rodriguez,rodriye01,rodry002
Yimi Garcia,garciyi01,garcy001
Yoan López,lopezyo01,lopey001
Yohan Ramirez,ramiryo01,ramiy002
Yolmer Sanchez,sanchca01,sancc001
Yonathan Daza,dazayo01,dazay001
Yonny Chirinos,chiriyo01,chiry001
Yonny Hernandez,hernayo02,herny003
Yordan Alvarez,alvaryo01,alvay001
Yoshi Tsutsugo,tsutsyo01,tsuty001
Yoán Moncada,moncayo01,moncy001
Yu Chang,changyu01,chany001
Yu Darvish,darviyu01,darvy001
Yuli Gurriel,gourryu01,gurry001
Yunior Marte,marteyu01,marty001
Yusei Kikuchi,kikucyu01,kikuy001
Yusniel Diaz,diazyu01,diazy003
Zac Gallen,galleza01,gallz001
Zac Lowther,lowthza01,lowtz001
Zach Davies,davieza02,daviz001
Zach Eflin,eflinza01,efliz001
Zach Jackson,jacksza02,jackz002
Zach Logue,logueza01,loguz001
Zach McKinstry,mckinza01,mckiz001
Zach Plesac,plesaza01,plesz001
Zach Pop,popza01,pop-z001
Zach Reks,reksza01,reksz001
Zach Thompson,thompza01,thomz001
Zack Britton,brittza01,britz001
Zack Collins,colliza01,collz001
Zack Greinke,greinza01,greiz001
Zack Kelly,kellyza01,kellz001
Zack Littell,litteza01,littz001
Zack Short,shortza01,shorz001
Zack Thompson,thompza02,thomz002
Zack Weiss,weissza01,weisz001
Zack Wheeler,wheelza01,wheez001
